Workbook

Sheet Resumen
D2: Telefono | E2: 1 | G2: Correo | H2: 1 | J2: NroDoc | K2: 1 | M2: Cuenta | N2: 1 | P2: RepLeg | Q2: 1
A3: Etiquetas de fila | B3: Cuenta de Grupo
A4: Solo Telefono | B4: 14 | D4: Etiquetas de fila | E4: Cuenta de telefo | G4: Etiquetas de fila | H4: Cuenta de telefo | J4: Etiquetas de fila | K4: Cuenta de NroDoc2 | M4: Etiquetas de fila | N4: Cuenta de nrocta | P4: Etiquetas de fila | Q4: Cuenta de RepLegal
A5: NroDoc y RRLL | B5: 7 | D5: 935881739 | E5: 3 | G5: KMELISSA2525@GMAIL.COM | H5: 1 | J5: 72868885 | K5: 5 | M5: 38071007029033 | N5: 1 | P5: 72868885 | Q5: 5
A6: Solo Correo | B6: 4 | D6: 970475563 | E6: 2 | G6: GEORGEJORGE161@GMAIL.COM | H6: 1 | J6: 45808700 | K6: 1 | M6: Total general | N6: 1 | P6: 47767146 | Q6: 2
A7: Solo RRLL | B7: 2 | D7: 966360097 | E7: 2 | G7: KATYCAMPOS332@GMAIL.COM | H7: 1 | J7: 75584955 | K7: 1 | P7: 75584955 | Q7: 1
A8: NroDoc, RRLL y Correo | B8: 1 | D8: 953650860 | E8: 2 | G8: ALEDELROSARI@GMAIL.COM | H8: 1 | J8: 77753276 | K8: 1 | P8: 45808700 | Q8: 1
A9: NroDoc, RRLL y Cuenta | B9: 1 | D9: 902600388 | E9: 1 | G9: MARTINEZGMZ.18@GMAIL.COM | H9: 1 | J9: 15606764151 | K9: 1 | P9: 002486494 | Q9: 1
A10: NroDoc, RRLL, Telefono y Correo | B10: 1 | D10: 942084384 | E10: 1 | G10: MINEPACHI805@GMAIL.COM | H10: 1 | J10: 10418258166 | K10: 1 | P10: 77753276 | Q10: 1
A11: Total general | B11: 30 | D11: 970068632 | E11: 1 | G11: Total general | H11: 6 | J11: Total general | K11: 10 | P11: 41825816 | Q11: 1
D12: 902619166 | E12: 1 | P12: Total general | Q12: 12
D13: 961848309 | E13: 1
D14: 941942263 | E14: 1
D15: Total general | E15: 15

Sheet Base
A1: codigo | B1: CODIGO_BL | C1: mailrleg | D1: motblq | E1: observ | F1: Telefono | G1: Correo | H1: Cuenta | I1: NroDoc | J1: RepLeg | K1: Codigo2 | L1: Vol | M1: TRX | N1: Vol_Fraude | O1: TRX_Fraude | P1: Vol_CC | Q1: TRX_CC | R1: Deuda | S1: TrxDeuda | T1: fecape | U1: situac | V1: blq_frau | W1: NroDoc2 | X1: RepLegal | Y1: segmento | Z1: Nomcom | AA1: nrocta | AB1: telefo | AC1: NOMBRE_PRODUCTO | AD1: Dealer | AE1: Grupo
A2: 3536933 | B2: 3524224 | C2: SANDOVALUIS124@GMAIL.COM | D2: 05 | E2: SEG KEVIN CACO | F2: 1 | G2: 0 | H2: 0 | I2: 0 | J2: 0 | K2: NULL | L2: NULL | M2: NULL | N2: NULL | O2: NULL | P2: NULL | Q2: NULL | R2: NULL | S2: NULL | T2: 2025-06-26 | U2: 7 | V2: 0 | W2: 10474691506 | X2: 47469150 | Y2: Empresa | Z2: IZI*MULTISERVICIOS EMANUEL | AB2: 935881739 | AC2: NULL | AE2: Solo Telefono
A3: 3536937 | B3: 3524224 | C3: SOFIAJALCA12@GMAIL.COM | D3: 05 | E3: SEG KEVIN CACO | F3: 1 | G3: 0 | H3: 0 | I3: 0 | J3: 0 | K3: NULL | L3: NULL | M3: NULL | N3: NULL | O3: NULL | P3: NULL | Q3: NULL | R3: NULL | S3: NULL | T3: 2025-06-26 | U3: 7 | V3: 0 | W3: 10723755722 | X3: 72375572 | Y3: Empresa | Z3: IZI*LIBRERIA BAZAR WILMER | AB3: 935881739 | AC3: NULL | AE3: Solo Telefono
A4: 5371899 | B4: 5847137 | C4: ANDREDARIO12@GMAIL.COM | D4: 05 | E4: TEMPORAL NOMBRE COMERCIAL | F4: 0 | G4: 0 | H4: 0 | I4: 0 | J4: 1 | K4: 5371899 | L4: 7586.64 | M4: 33.00 | N4: 0.00 | O4: 0.00 | P4: 0.00 | Q4: 0.00 | R4: 0.00 | S4: 0.00 | T4: 2023-02-10 | U4: 2 | V4: 0 | W4: 10477671468 | X4: 47767146 | Y4: Negocio | Z4: IZI*DOCTECH | AA4: 8983153833380 | AB4: 920236611 | AC4: NULL | AD4: BLMG SAC - PIURA | AE4: Solo RRLL
A5: 5770821 | B5: 5847445 | C5: OMEKS7527@GMAIL.COM | D5: 05 | E5: 4 SEG COINCIDENCIA BL CUENTA | F5: 0 | G5: 0 | H5: 0 | I5: 1 | J5: 1 | K5: 5770821 | L5: 18449.00 | M5: 140.00 | N5: 179.00 | O5: 1.00 | P5: 0.00 | Q5: 0.00 | R5: 0.00 | S5: 0.00 | T5: 2024-12-13 | U5: 6 | V5: 0 | W5: 72868885 | X5: 72868885 | Y5: Negocio | Z5: IZI*DARK COMPANY SAC | AA5: 8983269685460 | AB5: 931788386 | AC5: NULL | AD5: WUNDERMAN | AE5: NroDoc y RRLL
A6: 5775746 | B6: 5847445 | C6: OMEKS7527@GMAIL.COM | D6: 05 | E6: 4 SEG COINCIDENCIA BL CUENTA | F6: 0 | G6: 0 | H6: 0 | I6: 1 | J6: 1 | K6: NULL | L6: NULL | M6: NULL | N6: NULL | O6: NULL | P6: NULL | Q6: NULL | R6: NULL | S6: NULL | T6: 2024-12-23 | U6: 7 | V6: 0 | W6: 72868885 | X6: 72868885 | Y6: Negocio | Z6: IZI*INVERSIONES PERUANAS SAC | AA6: 8983269685460 | AB6: 990752342 | AC6: NULL | AD6: WUNDERMAN | AE6: NroDoc y RRLL
A7: 5775750 | B7: 5847445 | C7: BUCEXA335@GMAIL.COM | D7: 05 | E7: 4 SEG COINCIDENCIA BL CUENTA | F7: 0 | G7: 0 | H7: 0 | I7: 1 | J7: 1 | K7: NULL | L7: NULL | M7: NULL | N7: NULL | O7: NULL | P7: NULL | Q7: NULL | R7: NULL | S7: NULL | T7: 2024-12-23 | U7: 7 | V7: 0 | W7: 72868885 | X7: 72868885 | Y7: Negocio | Z7: IZI*INVERSIONES PERUANAS SAC | AA7: 8983269685460 | AB7: 990652824 | AC7: NULL | AD7: WUNDERMAN | AE7: NroDoc y RRLL
A8: 5775757 | B8: 5847445 | C8: BUCEXA335@GMAIL.COM | D8: 05 | E8: 4 SEG COINCIDENCIA BL CUENTA | F8: 0 | G8: 0 | H8: 0 | I8: 1 | J8: 1 | K8: 5775757 | L8: 12851.20 | M8: 105.00 | N8: 0.00 | O8: 0.00 | P8: 0.00 | Q8: 0.00 | R8: 0.00 | S8: 0.00 | T8: 2024-12-23 | U8: 4 | V8: 0 | W8: 72868885 | X8: 72868885 | Y8: Negocio | Z8: IZI*INVERSIONES PERU SAC | AA8: 8983269685460 | AB8: 924641025 | AC8: NULL | AD8: IZIPAY | AE8: NroDoc y RRLL
A9: 5780743 | B9: 5847137 | C9: CONSULTORESBOSSBOSS@GMAIL.COM | D9: 05 | E9: TEMPORAL NOMBRE COMERCIAL | F9: 0 | G9: 0 | H9: 0 | I9: 0 | J9: 1 | K9: 5780743 | L9: 14607.00 | M9: 111.00 | N9: 800.00 | O9: 4.00 | P9: 0.00 | Q9: 0.00 | R9: 0.00 | S9: 0.00 | T9: 2025-01-04 | U9: 1 | V9: 0 | W9: 20605535268 | X9: 47767146 | Y9: Negocio | Z9: IZI*SEGUROS FALABELLA | AA9: 7203006034269 | AB9: 914704362 | AC9: NULL | AD9: WUNDERMAN | AE9: Solo RRLL
A10: 5785121 | B10: 5847445 | C10: LUYANBENBEIS@GMAIL.COM | D10: 05 | E10: 4 SEG COINCIDENCIA BL CUENTA | F10: 0 | G10: 0 | H10: 0 | I10: 1 | J10: 1 | K10: 5785121 | L10: 22308.20 | M10: 176.00 | N10: 150.00 | O10: 1.00 | P10: 150.00 | Q10: 1.00 | R10: 0.00 | S10: 0.00 | T10: 2025-01-15 | U10: 1 | V10: 0 | W10: 72868885 | X10: 72868885 | Y10: Negocio | Z10: IZI*INVERSIONES PERUANAS EIRL | AA10: 8983269685460 | AB10: 974891893 | AC10: NULL | AD10: WUNDERMAN | AE10: NroDoc y RRLL
A11: 5829599 | B11: 5846537 | C11: JAMJJOKER@GMAIL.COM | D11: 05 | E11: 4 SEG COINCIDENCIA BL | F11: 1 | G11: 0 | H11: 0 | I11: 0 | J11: 0 | K11: 5829599 | L11: 1221.00 | M11: 9.00 | N11: 0.00 | O11: 0.00 | P11: 0.00 | Q11: 0.00 | R11: 0.00 | S11: 0.00 | T11: 2025-05-06 | U11: 1 | V11: 0 | W11: 29607669 | X11: 29607669 | Y11: Negocio | Z11: IZI*REPUESTOS MAX AVEDANO | AA11: 8983438294859 | AB11: 970475563 | AC11: NULL | AD11: IZIPAY | AE11: Solo Telefono
A12: 5834780 | B12: 5846537 | C12: TELETICKET.LIMAPERU@GMAIL.COM | D12: 05 | E12: 4 SEG COINCIDENCIA BL | F12: 1 | G12: 0 | H12: 0 | I12: 0 | J12: 0 | K12: 5834780 | L12: 238.20 | M12: 1.00 | N12: 0.00 | O12: 0.00 | P12: 0.00 | Q12: 0.00 | R12: 0.00 | S12: 0.00 | T12: 2025-05-21 | U12: 1 | V12: 0 | W12: 29607669 | X12: 29607669 | Y12: Negocio | Z12: IZI*TELETICKET | AA12: 00110814140274552617 | AB12: 970475563 | AC12: NULL | AD12: IZIPAY | AE12: Solo Telefono
A13: 5846268 | B13: 5810947 | C13: PRISBY0125@HOTMAIL.COM | D13: 05 | E13: 3 SEG FRAUDE /TRX. RECHAZADAS | F13: 1 | G13: 0 | H13: 0 | I13: 0 | J13: 0 | K13: 5846268 | L13: 525.00 | M13: 6.00 | N13: 0.00 | O13: 0.00 | P13: 0.00 | Q13: 0.00 | R13: 0.00 | S13: 0.00 | T13: 2025-06-25 | U13: 1 | V13: 0 | W13: 10712931251 | X13: 71293125 | Y13: Negocio | Z13: IZI*HOTEL MAYZA | AA13: 8983474548505 | AB13: 902600388 | AC13: NULL | AD13: BLMG CUSCO | AE13: Solo Telefono
A14: 5846733 | B14: 5832389 | C14: RENZOMANUELLAYMETORRES@GMAIL.COM | D14: 05 | E14: 4 SEG COINCIDENCIA CUENTA- DIRECC | F14: 0 | G14: 0 | H14: 0 | I14: 1 | J14: 1 | K14: NULL | L14: NULL | M14: NULL | N14: NULL | O14: NULL | P14: NULL | Q14: NULL | R14: NULL | S14: NULL | T14: 2025-06-26 | U14: 7 | V14: 0 | W14: 75584955 | X14: 75584955 | Y14: Negocio | Z14: IZI*INVERSIONES GENERALES | AA14: 19104961285097 | AB14: 931046983 | AC14: NULL | AD14: IZIPAY | AE14: NroDoc y RRLL
A15: 5846787 | B15: 5827191 | C15: ALEDELROSARI@GMAIL.COM | D15: 10 | E15: 6 DE RULETEO DE TARJETA | F15: 1 | G15: 0 | H15: 0 | I15: 0 | J15: 0 | K15: NULL | L15: NULL | M15: NULL | N15: NULL | O15: NULL | P15: NULL | Q15: NULL | R15: NULL | S15: NULL | T15: 2025-06-26 | U15: 7 | V15: 0 | W15: 48296210 | X15: 48296210 | Y15: Negocio | Z15: IZI*ALEX | AA15: 20705018231400 | AB15: 941942263 | AC15: NULL | AD15: SAFE APP | AE15: Solo Telefono
... A17: 5847013 | B17: 5846182 | C17: GEORGEJORGE161@GMAIL.COM | D17: 05 | E17: 4 SEG COINCIDENCIA BL | F17: 0 | G17: 1 | H17: 0 | I17: 0 | J17: 0 | K17: 5847013 | L17: 1.00 | M17: 1.00 | N17: 0.00 | O17: 0.00 | P17: 0.00 | Q17: 0.00 | R17: 0.00 | S17: 0.00 | T17: 2025-06-27 | U17: 1 | V17: 0 | W17: 10166604554 | X17: 16660455 | Y17: Negocio | Z17: IZI*MINIMARKET OLMEDO | AA17: 8983467899416 | AB17: 906056140 | AC17: NULL | AD17: TELEATENTO DEL PERU SAC | AE17: Solo Correo
A18: 5847118 | B18: 5847137 | C18: CHRISTEAMO1370@GMAIL.COM | D18: 05 | E18: TEMPORAL NOMBRE COMERCIAL | F18: 1 | G18: 0 | H18: 0 | I18: 0 | J18: 0 | K18: NULL | L18: NULL | M18: NULL | N18: NULL | O18: NULL | P18: NULL | Q18: NULL | R18: NULL | S18: NULL | T18: 2025-06-27 | U18: 7 | V18: 0 | W18: 47767147 | X18: 47767147 | Y18: Negocio | Z18: IZI*LA POSITIVA SOAT | AB18: 902619166 | AC18: NULL | AD18: WUNDERMAN | AE18: Solo Telefono
A19: 5847226 | B19: 5822851 | C19: TALANPANTHER@GMAIL.COM | D19: 05 | E19: 2 SEG FRAUDES | F19: 1 | G19: 0 | H19: 0 | I19: 0 | J19: 0 | K19: 5847226 | L19: 943.00 | M19: 4.00 | N19: 0.00 | O19: 0.00 | P19: 0.00 | Q19: 0.00 | R19: 0.00 | S19: 0.00 | T19: 2025-06-28 | U19: 1 | V19: 0 | W19: 73965537 | X19: 73965537 | Y19: Negocio | Z19: IZI*YOLU ORIGINALS EIRL. | AA19: 30002866370004 | AB19: 970068632 | AC19: NULL | AD19: IZIPAY | AE19: Solo Telefono
A20: 5847239 | B20: 5501308 | C20: MINEPACHI805@GMAIL.COM | D20: 05 | E20: CERRADO POR SEG | F20: 0 | G20: 1 | H20: 0 | I20: 1 | J20: 1 | K20: NULL | L20: NULL | M20: NULL | N20: NULL | O20: NULL | P20: NULL | Q20: NULL | R20: NULL | S20: NULL | T20: 2025-06-28 | U20: 7 | V20: 0 | W20: 77753276 | X20: 77753276 | Y20: Negocio | Z20: IZI*CONFIANZAEIRL | AA20: 19190294677042 | AB20: 974356897 | AC20: NULL | AD20: WUNDERMAN | AE20: NroDoc, RRLL y Correo
A21: 5847285 | B21: 6080045 | C21: PABLO.ARRAEZ2021@GMAIL.COM | D21: 05 | E21: CERRADO POR SEG | F21: 1 | G21: 0 | H21: 0 | I21: 0 | J21: 0 | K21: 5847285 | L21: 1.00 | M21: 1.00 | N21: 0.00 | O21: 0.00 | P21: 0.00 | Q21: 0.00 | R21: 0.00 | S21: 0.00 | T21: 2025-06-28 | U21: 1 | V21: 0 | W21: 71653319 | X21: 71653319 | Y21: Negocio | Z21: IZI*LOGISTIC SERVICES GROUP | AB21: 966360097 | AC21: NULL | AD21: WUNDERMAN | AE21: Solo Telefono
A22: 5847424 | B22: 6080045 | C22: PABLO.ARRAEZ2021@GMAIL.COM | D22: 05 | E22: CERRADO POR SEG | F22: 1 | G22: 0 | H22: 0 | I22: 0 | J22: 0 | K22: NULL | L22: NULL | M22: NULL | N22: NULL | O22: NULL | P22: NULL | Q22: NULL | R22: NULL | S22: NULL | T22: 2025-06-28 | U22: 7 | V22: 0 | W22: 20610751459 | X22: 71653319 | Y22: Empresa | Z22: IZI*LOGISTIC SERVICES GROUP | AA22: 2003007210564 | AB22: 966360097 | AC22: NULL | AD22: BIO - Outbound | AE22: Solo Telefono
A23: 5847482 | B23: 3524224 | C23: SANDOVALUIS124@GMAIL.COM | D23: 05 | E23: SEG KEVIN CACO | F23: 1 | G23: 0 | H23: 0 | I23: 0 | J23: 0 | K23: NULL | L23: NULL | M23: NULL | N23: NULL | O23: NULL | P23: NULL | Q23: NULL | R23: NULL | S23: NULL | T23: 2025-06-29 | U23: 7 | V23: 0 | W23: 10474691506 | X23: 47469150 | Y23: Empresa | Z23: IZI*INVERSIONES SANDOVAL | AA23: 8983183504101 | AB23: 935881739 | AC23: NULL | AD23: ZAS MASTER AGENTE | AE23: Solo Telefono
A24: 5847532 | B24: 3534706 | C24: MARTINEZGMZ.18@GMAIL.COM | D24: 05 | E24: CACO IBK SEG | F24: 1 | G24: 0 | H24: 0 | I24: 0 | J24: 0 | K24: NULL | L24: NULL | M24: NULL | N24: NULL | O24: NULL | P24: NULL | Q24: NULL | R24: NULL | S24: NULL | T24: 2025-06-29 | U24: 7 | V24: 0 | W24: 10468006273 | X24: 46800627 | Y24: Negocio | Z24: IZI*BODEGA IRVIN | AA24: 8983444015030 | AB24: 961848309 | AC24: NULL | AD24: ZAS MASTER AGENTE | AE24: Solo Telefono
A25: 5847532 | B25: 3024797 | C25: MARTINEZGMZ.18@GMAIL.COM | D25: 05 | E25: CACO IBK SEG | F25: 0 | G25: 1 | H25: 0 | I25: 0 | J25: 0 | K25: NULL | L25: NULL | M25: NULL | N25: NULL | O25: NULL | P25: NULL | Q25: NULL | R25: NULL | S25: NULL | T25: 2025-06-29 | U25: 7 | V25: 0 | W25: 10468006273 | X25: 46800627 | Y25: Negocio | Z25: IZI*BODEGA IRVIN | AA25: 8983444015030 | AB25: 961848309 | AC25: NULL | AD25: ZAS MASTER AGENTE | AE25: Solo Correo
A26: 5847552 | B26: 5733635 | C26: KMELISSA2525@GMAIL.COM | D26: 10 | E26: 6 DE - RULETEO DE TARJETA | F26: 1 | G26: 1 | H26: 0 | I26: 1 | J26: 1 | K26: NULL | L26: NULL | M26: NULL | N26: NULL | O26: NULL | P26: NULL | Q26: NULL | R26: NULL | S26: NULL | T26: 2025-06-29 | U26: 7 | V26: 0 | W26: 10418258166 | X26: 41825816 | Y26: Negocio | Z26: IZI*MACHOLA | AB26: 942084384 | AC26: NULL | AD26: BIO | AE26: NroDoc, RRLL, Telefono y Correo
A27: 5847660 | B27: 5046017 | C27: KATYCAMPOS332@GMAIL.COM | D27: 05 | E27: CERRADO POR SEG | F27: 0 | G27: 1 | H27: 0 | I27: 0 | J27: 0 | K27: NULL | L27: NULL | M27: NULL | N27: NULL | O27: NULL | P27: NULL | Q27: NULL | R27: NULL | S27: NULL | T27: 2025-06-30 | U27: 7 | V27: 0 | W27: 45808700 | X27: 45808700 | Y27: Negocio | Z27: IZI*BAR RESTAURANTE EL TIBURON | AA27: 38071007029033 | AB27: 970392869 | AC27: NULL | AD27: CMBRANDO | AE27: Solo Correo
A28: 5847660 | B28: 5067498 | C28: KATYCAMPOS332@GMAIL.COM | D28: 05 | E28: CERRADO POR SEG | F28: 0 | G28: 0 | H28: 1 | I28: 1 | J28: 1 | K28: NULL | L28: NULL | M28: NULL | N28: NULL | O28: NULL | P28: NULL | Q28: NULL | R28: NULL | S28: NULL | T28: 2025-06-30 | U28: 7 | V28: 0 | W28: 45808700 | X28: 45808700 | Y28: Negocio | Z28: IZI*BAR RESTAURANTE EL TIBURON | AA28: 38071007029033 | AB28: 970392869 | AC28: NULL | AD28: CMBRANDO | AE28: NroDoc, RRLL y Cuenta
A29: 5847738 | B29: 5837709 | C29: EFUSVASQUEZSUJEYMILENY@GMAIL.COM | D29: 10 | E29: 6 DE RULETEO DE TARJETA | F29: 1 | G29: 0 | H29: 0 | I29: 0 | J29: 0 | K29: NULL | L29: NULL | M29: NULL | N29: NULL | O29: NULL | P29: NULL | Q29: NULL | R29: NULL | S29: NULL | T29: 2025-06-30 | U29: 7 | V29: 0 | W29: 10730774511 | X29: 73077451 | Y29: Negocio | Z29: IZI*MARKET SUJEY | AA29: 8983373235069 | AB29: 953650860 | AC29: NULL | AD29: SAFE APP SAN MARTIN | AE29: Solo Telefono
A30: 5847749 | B30: 5772880 | C30: MISHEL198352@GMAIL.COM | D30: 05 | E30: 1 SEG TRX.RECHAZADAS | F30: 0 | G30: 0 | H30: 0 | I30: 1 | J30: 1 | K30: NULL | L30: NULL | M30: NULL | N30: NULL | O30: NULL | P30: NULL | Q30: NULL | R30: NULL | S30: NULL | T30: 2025-06-30 | U30: 7 | V30: 0 | W30: 15606764151 | X30: 002486494 | Y30: Negocio | Z30: IZI*MISHEL | AA30: 38096124918038 | AB30: 900389469 | AC30: NULL | AD30: WUNDERMAN | AE30: NroDoc y RRLL
A31: 5847873 | B31: 5837709 | C31: EFUSVASQUEZSUJEYMILENY@GMAIL.COM | D31: 10 | E31: 6 DE RULETEO DE TARJETA | F31: 1 | G31: 0 | H31: 0 | I31: 0 | J31: 0 | K31: NULL | L31: NULL | M31: NULL | N31: NULL | O31: NULL | P31: NULL | Q31: NULL | R31: NULL | S31: NULL | T31: 2025-06-30 | U31: 7 | V31: 0 | W31: 10730774511 | X31: 73077451 | Y31: Negocio | Z31: IZI*MARKET DONA EFUS | AA31: 8983373235069 | AB31: 953650860 | AC31: NULL | AD31: SAFE APP SAN MARTIN | AE31: Solo Telefono
F33: 1 | G33: 1 | H33: 1 | I33: 1 | J33: 1

Sheet Coincidencia Por Documento
A1: codigo | B1: mailrleg | C1: motblq | D1: observ | E1: fecape | F1: situac | G1: nroruc | H1: DNI | I1: reprleg | J1: segmento | K1: nomcom | L1: nrocta | M1: telefo | N1: NOMBRE_PRODUCTO | O1: Dealer
A2: 5502762 | B2: MILENYEFUS23@GMAIL.COM | E2: 20230704 | F2: 2 | G2: 73077451 | H2: 73077451 | I2: EFUS VASQUEZ SUJEY MILENY | J2: Negocio | K2: IZI*SUJEY MILENY | L2: 8983373235069 | M2: 978349401 | N2: NULL | O2: SAFE APP CHICLAYO | P2: =VLOOKUP(G2,Base!$W$2:$W$31,1,FALSE) -> #N/A | Q2: =VLOOKUP(H2,Base!$X$2:$X$31,1,FALSE) -> 73077451
A3: 5804500 | B3: SUJEYEFUSVASQUEZ@GMAIL.COM | E3: 20250228 | F3: 1 | G3: 73077451 | H3: 73077451 | I3: EFUS VASQUEZ SUJEY MILENY | J3: Negocio | K3: IZI*COMERCIAL EFUS | L3: 8983373235069 | M3: 979111470 | N3: NULL | O3: SAFE APP CAJAMARCA | P3: =VLOOKUP(G3,Base!$W$2:$W$31,1,FALSE) -> #N/A | Q3: =VLOOKUP(H3,Base!$X$2:$X$31,1,FALSE) -> 73077451
A4: 5838322 | B4: SUJEYEFUSVASQUEZ@GMAIL.COM | E4: 20250531 | F4: 1 | G4: 10730774511 | H4: 73077451 | I4: EFUS VASQUEZ SUJEY MILENY | J4: Negocio | K4: IZI*MARKET EFUS II | L4: 8983373235069 | M4: 953650860 | N4: NULL | O4: SAFE APP CAJAMARCA | P4: =VLOOKUP(G4,Base!$W$2:$W$31,1,FALSE) -> #N/A | Q4: =VLOOKUP(H4,Base!$X$2:$X$31,1,FALSE) -> 73077451
A5: 5663904 | B5: MISHEL198352@GMAIL.COM | E5: 20240513 | F5: 1 | G5: 002486494 | H5: 002486494 | I5: RIVAS VILLAO MAYRA ELVIRA | J5: Negocio | K5: IZI*MAY | L5: 7003370993000 | M5: 948783876 | N5: NULL | O5: IZIPAY | P5: =VLOOKUP(G5,Base!$W$2:$W$31,1,FALSE) -> #N/A | Q5: =VLOOKUP(H5,Base!$X$2:$X$31,1,FALSE) -> 002486494
A6: 5765658 | B6: MARTINEZPOJOVICTOR@GMAIL.COM | E6: 20241203 | F6: 7 | G6: 10468006273 | H6: 46800627 | I6: MARTINEZ GOMEZ IRVIN JHON | J6: Negocio | K6: IZI*MINIMARKET MARTINEZ | L6: 2423376727071 | M6: 915220897 | N6: NULL | O6: TEAM ZUMA LIMA | P6: =VLOOKUP(G6,Base!$W$2:$W$31,1,FALSE) -> 10468006273 | Q6: =VLOOKUP(H6,Base!$X$2:$X$31,1,FALSE) -> 46800627
A7: 5840830 | B7: MARTINEZGMZ.18@GMAIL.COM | E7: 20250609 | F7: 7 | G7: 10468006273 | H7: 46800627 | I7: MARTINEZ GOMEZ IRVIN JHON | J7: Negocio | K7: IZI*BODEGA IRVIN | L7: 8983444015030 | M7: 961848309 | N7: NULL | O7: ZAS MASTER AGENTE | P7: =VLOOKUP(G7,Base!$W$2:$W$31,1,FALSE) -> 10468006273 | Q7: =VLOOKUP(H7,Base!$X$2:$X$31,1,FALSE) -> 46800627
A8: 5840829 | B8: MARTINEZGMZ.18@GMAIL.COM | E8: 20250609 | F8: 7 | G8: 10468006273 | H8: 46800627 | I8: MARTINEZ GOMEZ IRVIN JHON | J8: Negocio | K8: IZI*BODEGA IRVIN | L8: 8983444015030 | M8: 961848309 | N8: NULL | O8: ZAS MASTER AGENTE | P8: =VLOOKUP(G8,Base!$W$2:$W$31,1,FALSE) -> 10468006273 | Q8: =VLOOKUP(H8,Base!$X$2:$X$31,1,FALSE) -> 46800627
A9: 5765658 | B9: MARTINEZPOJOVICTOR@GMAIL.COM | E9: 20241203 | F9: 7 | G9: 10468006273 | H9: 46800627 | I9: MARTINEZ GOMEZ IRVIN JHON | J9: Negocio | K9: IZI*MINIMARKET MARTINEZ | L9: 2423376727071 | M9: 915220897 | N9: NULL | O9: TEAM ZUMA LIMA | P9: =VLOOKUP(G9,Base!$W$2:$W$31,1,FALSE) -> 10468006273 | Q9: =VLOOKUP(H9,Base!$X$2:$X$31,1,FALSE) -> 46800627
A10: 5840830 | B10: MARTINEZGMZ.18@GMAIL.COM | E10: 20250609 | F10: 7 | G10: 10468006273 | H10: 46800627 | I10: MARTINEZ GOMEZ IRVIN JHON | J10: Negocio | K10: IZI*BODEGA IRVIN | L10: 8983444015030 | M10: 961848309 | N10: NULL | O10: ZAS MASTER AGENTE | P10: =VLOOKUP(G10,Base!$W$2:$W$31,1,FALSE) -> 10468006273 | Q10: =VLOOKUP(H10,Base!$X$2:$X$31,1,FALSE) -> 46800627
A11: 5840829 | B11: MARTINEZGMZ.18@GMAIL.COM | E11: 20250609 | F11: 7 | G11: 10468006273 | H11: 46800627 | I11: MARTINEZ GOMEZ IRVIN JHON | J11: Negocio | K11: IZI*BODEGA IRVIN | L11: 8983444015030 | M11: 961848309 | N11: NULL | O11: ZAS MASTER AGENTE | P11: =VLOOKUP(G11,Base!$W$2:$W$31,1,FALSE) -> 10468006273 | Q11: =VLOOKUP(H11,Base!$X$2:$X$31,1,FALSE) -> 46800627
A12: 5845807 | B12: SANDOVALUIS124@GMAIL.COM | E12: 20250624 | F12: 7 | G12: 10474691506 | H12: 47469150 | I12: SANDOVAL SANDOVAL LUIS ALBERTO | J12: Empresa | K12: IZI*MULTISERVICIOS EMANUEL | L12: 8983183504101 | M12: 935881739 | N12: NULL | O12: ZAS MASTER AGENTE | P12: =VLOOKUP(G12,Base!$W$2:$W$31,1,FALSE) -> 10474691506 | Q12: =VLOOKUP(H12,Base!$X$2:$X$31,1,FALSE) -> 47469150
A13: 5845807 | B13: SANDOVALUIS124@GMAIL.COM | E13: 20250624 | F13: 7 | G13: 10474691506 | H13: 47469150 | I13: SANDOVAL SANDOVAL LUIS ALBERTO | J13: Empresa | K13: IZI*MULTISERVICIOS EMANUEL | L13: 8983183504101 | M13: 935881739 | N13: NULL | O13: ZAS MASTER AGENTE | P13: =VLOOKUP(G13,Base!$W$2:$W$31,1,FALSE) -> 10474691506 | Q13: =VLOOKUP(H13,Base!$X$2:$X$31,1,FALSE) -> 47469150
A14: 5685086 | B14: ALEDELROSARI@GMAIL.COM | E14: 20240621 | F14: 7 | G14: 10482962101 | H14: 48296210 | I14: DOMINGUEZ BARBOZA ALEXANDRA DEL ROSARI | J14: Negocio | K14: IZI*ALEXANDRA DOMINGUEZ | L14: 20705018231400 | M14: 941942263 | N14: NULL | O14: SAFE APP | P14: =VLOOKUP(G14,Base!$W$2:$W$31,1,FALSE) -> #N/A | Q14: =VLOOKUP(H14,Base!$X$2:$X$31,1,FALSE) -> 48296210
A15: 5685086 | B15: ALEDELROSARI@GMAIL.COM | E15: 20240621 | F15: 7 | G15: 10482962101 | H15: 48296210 | I15: DOMINGUEZ BARBOZA ALEXANDRA DEL ROSARI | J15: Negocio | K15: IZI*ALEXANDRA DOMINGUEZ | L15: 20705018231400 | M15: 941942263 | N15: NULL | O15: SAFE APP | P15: =VLOOKUP(G15,Base!$W$2:$W$31,1,FALSE) -> #N/A | Q15: =VLOOKUP(H15,Base!$X$2:$X$31,1,FALSE) -> 48296210
A16: 5845819 | B16: SOFIAJALCA12@GMAIL.COM | E16: 20250624 | F16: 7 | G16: 10723755722 | H16: 72375572 | I16: JALCA VALDIVIA MARIA SOFIA | J16: Empresa | K16: IZI*LIBRERIA BAZAR WILMER | L16: 8983474250581 | M16: 935881739 | N16: NULL | O16: ZAS MASTER AGENTE | P16: =VLOOKUP(G16,Base!$W$2:$W$31,1,FALSE) -> 10723755722 | Q16: =VLOOKUP(H16,Base!$X$2:$X$31,1,FALSE) -> 72375572
... A30: 5675790 | B30: SUJEYEFUSVASQUEZ@GMAIL.COM | E30: 20240604 | F30: 6 | G30: 73077451 | H30: 73077451 | I30: EFUS VASQUEZ SUJEY MILENY | J30: Negocio | K30: IZI*BOUTIQUE MILENY | L30: 8983373235069 | M30: 993292654 | N30: NULL | O30: SAFE APP CHICLAYO | P30: =VLOOKUP(G30,Base!$W$2:$W$31,1,FALSE) -> #N/A | Q30: =VLOOKUP(H30,Base!$X$2:$X$31,1,FALSE) -> 73077451
